,English_words,Korean_words
0,abdomen," 복부, 배"
1,abdominal cavity, 복강
2,"abnormality, anomaly"," 이상, 비정상"
3,ABO erythroblastosis, 이에비오 적모구증
4,abortion," 유산, 낙태"
5,abortus, 낙태아
6,abruptio placentae, 태반조기박리
7,abscess, 고름집
8,abuse, 남용
9,accommodation," 조절, 적응, 모음"
10,accuracy, 정확도
11,acetabular index," 절구지수, 관골구지수"
12,acetaminophen, 아세트아미노펜
13,acetic acid," 아세트산, 초산"
14,acetylcholine, 아세틸콜린
15,acetylsalicylic acid, 아세틸살리실산
16,achalasia, 이완못함증
17,achlorhydria," 위산없음증, 무위산증"
18,acid, 산
19,acid-fast bacillus," 항산막대균, 항산균"
20,acid-fast staining, 항산염색
21,acidosis," 산증, 아시도시스"
22,"acne, comedo", 여드름
23,"acoustic neuroma, acoustic neurilemmoma", 청신경초종
24,acquired immunodeficiency syndrome," 후천면역결핍증후군, 에이즈"
25,acromegaly, 말단거대증
26,acromion, 봉우리
27,acrophobia," 고소공포증, 높은곳공포증"
28,actin, 가는근육잔섬유
29,actin, 액틴
30,actinic keratosis, 광선각화중
31,actinomycosis," 바큇살균증, 방선균증"
32,activation," 활성, 활성화"
33,acupoint, 경혈(經穴)
34,acupuncture, 침술
35,acute appendicitis, 급성막창자꼬리염
36,acute cholecystitis, 급성쓸개염
37,acute hepatitis, 급성간염
38,adaptation," 적응, 순응"
39,Addison disease, 애디슨병
40,adenocarcinoma, 샘암종
41,adenoma, 샘종
42,adenovirus, 아데노바이러스
43,adjuvant, 항원보강제
44,adrenal gland, 부신
45,adrenal medulla, 부신속질
46,adrenocorticotropic hormone, 부신겉질자극호르몬
47,adsorption, 흡착
48,adulthood, 성인기
49,advanced cancer, 진행암
50,adverse effect," 역효과, 유해효과"
51,aerosols," 분무약제, 에어로졸"
52,affect, 정동
53,affective disorder, 정동장애
54,afferent, 들
55,afferent nerve, 들신경
56,agglutination, 응집
57,agglutinin, 응집소
58,"aging, senescence"," 노화, 늙음"
59,agonist," 작용제, 작용근"
60,agoraphobia, 광장공포증
61,agranulocyte," 무과립구, 무과립백혈구"
62,agranulocytosis," 무과립구증, 과립구결핍증"
63,air pollution, 대기오염
64,albinism," 백피증, 백색증"
65,albino," 횐둥이, 백색, 하얀"
66,albumin, 알부민
67,albuminuria," 알부민뇨(증), 단백뇨(증)"
68,alcohol, 알코올
69,alcoholism, 알코올중독
70,aldosterone, 알도스테론
71,aldosteronism, 알도스테론증
72,alimentary canal, 소화관
73,alimentary tract," 소화관, 영양관"
74,alkali, 알카리
75,alkaline phosphatase, 알칼리성 인산분해효소
76,alkaloid, 알칼로이드
77,alkalosis, 알칼리증
78,alkylating agent, 알킬화약물
79,allergen, 알레르기항원
80,allergic disease, 알레르기병
81,alopecia," 털빠짐증, 탈모(증)"
82,alpha particles, 알파입자
83,alpha-fetoprotein, 알파태아단백
84,Alzheimer's disease, 알츠하이머병
85,amalgam, 아말감
86,amino acids, 아미노산
87,amnesia, 기억상실증
88,amniocentesis, 양수천자
89,amnion, 양막
90,amniotic fluid, 양수
91,amphetamine, 암페타민
92,amylase," 아밀라아제, 아밀레이스"
93,amyloidosis, 아밀로이드증
94,amyotrophic laternal sclerosis, 근위축측삭경화중
95,anabolism," 동화작용, 합성대사"
96,anal fistula," 항문샛길, 치루, 항문루"
97,analgesics, 진통제
98,anaphylaxis," 아나필락시스, 과민증"
99,anaplasia, 역형성
100,anastomosis," 연결(술), 문합(술)"
101,anatomical position, 해부학적 자세(위치)
102,anatomy, 해부학
103,androgen," 남성호르몬, 안드로겐"
104,anemia, 빈혈
105,anencephaly," 뇌없음증, 무뇌증"
106,anesthesia," 마취, 무감각"
107,anesthetic, 마취제
108,aneurysm," 동맥자루, 동맥류"
109,aneurysmectomy, 동맥자루절제(술)
110,angina pectoris," 협심증, 가슴조임증"
111,angiography, 혈관조영술
112,angiotensin, 안지오텐신
113,anisakiasis, 고래회충유충증
114,ankylosis," 관절굳음증, 강직(증)"
115,anorexia, 식욕부진
116,anorexia nevosa, 신경성식욕부진
117,anovulation," 배란없음증, 무배란"
118,anoxia, 무산소증
119,antacid, 제산제
120,antefletxio uteri," 자궁전굴, 자궁앞굽이"
121,anthracosis," 석탄가루증, 탄분증"
122,anti-diuretic hormone; ADH, 항이뇨호르몬
123,anti-inflammatory agent," 항염증제, 소염제, 염증약"
124,antianginal drug, 항협심증제
125,antibiotics, 항생제
126,antibody, 항체
127,anticholinergic, 항콜린작용약물
128,antidote, 해독제
129,antigen, 항원
130,antiglobulin antibody, 항글로불린항체
131,antihistamine, 항히스타민제
132,antihypertensive drug," 고혈압약, 항고혈압제"
133,antimalarial drug," 말라리아약, 항말라리아제"
134,antimicrobial spectrum," 항균스펙트럼, 항균역"
135,antinauseant," 멀미약, 항구토제"
136,antipruritics, 가려움약
137,antipurine, 안티푸린
138,antiseptics, 방부제
139,antisocial personality disorder, 반사회적인격장애
140,antrum, 방
141,antrum of stomach, 날문방
142,anxiety, 불안
143,anxiety disorder, 불안장애
144,anxiety neurosis, 불안신경증
145,aorta, 대동맥
146,aortic coarctation, 대동맥축착(증)
147,apathy," 무관심, 감정둔마막"
148,Apgar score, 아프가점수
149,aphasia, 언어상실증
150,aphthous stomatitis, 아프타입안염
151,aplastic anemia, 재생불량빈혈
152,apoplexy," 된출혈, 중풍"
153,apoptosis," 세포자멸사, 아포프토시스"
154,appendicitis," 막창자꼬리염, 꼬리염, 충수염"
155,apraxia," 행위상실증, 실행증"
156,aqueous humor," 방수, 눈방수"
157,arachnoid membrane, 거미막
158,areola, 젖꽃판
159,arrhythmia, 부정맥
160,artery, 동맥
161,arthritis, 관절염
162,arthrocentesis, 관절천자
163,arthrogram, 관절조영상
164,arthroscope," 관절경, 관절보개"
165,articulation, 입소리
166,artificial tears, 인공눈물
167,asbestosis, 석면증
168,ascariasis, 회충증
169,ascites, 복수
170,aspartate aminotransferase(AST), 아스파라진산 아미노전이효소
171,asphycitic syndrome, 질식증후군
172,aspiration, 흡인
173,aspiration biopsy, 흡인생검
174,aspiration pneumonia, 흡인폐렴
175,aspirin, 아스피린
176,asthma, 천식
177,astigmatism, 난시
178,astrocytoma, 별아교세포종
179,atelectasis, 무기폐
180,atherosclerosis, 죽상동맥경화증
181,atrioventricular block, 방실차단
182,atrophy, 위축(증)
183,atropine, 아트로핀
184,audiometry, 청력측정검사
185,auditory nerve, 청신경
186,auditory tube, 귀인두관
187,auricle, 귀바퀴
188,"auricle, pinna", 귓바퀴
189,auscultation, 청진(법)
190,autism, 자폐(증)
191,autoimmune dieases, 자가면역질환
192,autonomic nervous system, 자율신경계
193,"autopsy, necropsy"," 부검, 사체해부, 검시"
194,axon, 축삭
195,bacillus," 바실루스, 막대균"
196,bacteriocidal action, 살균작용
197,bacteriology, 세균학
198,bacteriophage," 세균파지, 박테리오파지"
199,bacteriostatic action, 정균작용
200,bacterium," 세균, 박테리아"
201,balloon dilatation, 풍선확장(술)
202,barbiturate, 바르비투르염
203,barium enema, 바륨관장
204,basal body temperature, 기초체온
205,basal layer of skin, 기저층
206,basal metabolic rate(BMR), 기초대사율
207,basement membrane," 바닥막, 기저막"
208,battered child syndrome, 매맞는 아이 증후군
209,BCG, 비씨지
210,behavior disorder, 행동장애
211,Behcet disease, 베체트병
212,benign, 양성
213,Benign Prostatic Hyperplasia(BPH), 전립샘비대
214,benign tumor, 양성종양
215,benzedrine, 벤제드린
216,berylliosis," 베릴륨중독증, 베릴룸증"
217,beta human chorionic gonadotropin, 베타 사람융모성 생식샘자극호르몬
218,beta ray, 베타선
219,beta-blocker, 베타차단제
220,betatron, 베타트론
221,bezoar," 위석, 위창자돌"
222,biceps brachii, 위팔두갈래근
223,Bile," 쓸개즙, 담즙"
224,biliary tract," 쓸개길, 담도, 담관"
225,bilirubin, 빌리루빈
226,binocular vision," 두눈보기, 양안시"
227,biofeedback, 생체되먹임
228,biopsy, 생검
229,biosynthesis, 생합성
230,bipolar disorder, 양극성 장애
231,birth trauma," 출산외상, 분만외상"
232,birth weight, 출생체중
233,birthmark," 출생모반, 모반, 점"
234,bisexuality, 양성
235,blast, 모세포
236,bleb," 물집, 수포"
237,bleeding tendency," 출혈경향, 출혈소인"
238,bleeding time, 출혈시간
239,blood," 혈액, 피"
240,"blood clotting, blood coagulation", 혈액응고
241,blood collection, 채혈
242,blood gas," 혈액가스, 혈액기체"
243,blood group, 혈액형
244,blood pressure, 혈압
245,blood product, 혈액제제
246,blood sugar, 혈당
247,blood test, 혈액검사
248,blood urea nitrogen, 혈액요소질소
249,blood urea nitrogen(BUN), 혈중요소질소
250,blood vessel, 혈관
251,blood volume, 혈액량
252,blood-brain barrier, 혈액뇌장벽
253,blood-brain barrier(BBB), 혈뇌장벽
254,bone," 뼈, 골"
255,bone age," 뼈나이, 골연령"
256,bone marrow, 골수
257,bone marrow biopsy, 골수생검
258,bone marrow transplantation, 골수이식
259,bone scan, 뼈스캔
260,borborygmi," 창자가스소리, 복명"
261,botulism, 보툴리눔독소증
262,bougie, 부지
263,bowel training, 배변훈련
264,Bowman capsule, 보우만 주머니
265,bradycardia," 느린맥, 서맥"
266,brain, 뇌
267,brain death, 뇌사
268,brain stem, 뇌줄기
269,brain tumor, 뇌종양
270,breast cancer, 유방암
271,breathing," 숨쉬기, 호흡"
272,bronchial asthma, 기관지천식
273,bronchial brush biopsy, 기관지 브러시생검
274,bronchial washing, 기관지세척
275,bronchiectasis, 기관지확장증
276,bronchogenic carcinoma, 기관지원성 암종
277,bronchogram, 기관지조영상
278,bronchopneumonia, 기관지폐렴
279,bronchoscope," 기관지경, 기관지보개"
280,bronchus, 기관지
281,"bruise, contusion"," 멍, 좌상, 타박상"
282,bruxism, 이갈이
283,Buerger disease, 버거병
284,buffer action, 완충작용
285,bulimia nervosa, 신경성거식증
286,bulla, 기포
287,bulla, 대수포
288,burn, 화상
289,bursitis," 윤활낭염, 주머니염"
290,buttock," 엉덩이, 궁둥이, 볼기"
291,bypass," 두름수술, 에돌기"
292,cachexia," 카켁시아, 악액질"
293,caffeine, 카페인
294,calcification, 석회화
295,calcitonin, 칼시토닌
296,calcium, 칼슘
297,"calculus, stone"," 결석, 돌"
298,callus," 애벌뼈, 가골"
299,calorie," 칼로리, 열량"
300,calyx," 술잔, 배"
301,cancer, 암
302,cancer chemotherapy, 항암화학요법
303,cancer surgery, 암 수술
304,candidiasis, 칸디다증
305,cannabis, 대마(초)
306,cannula," 삽관, 삽입관"
307,capillary, 모세(혈)관
308,carbohydrate, 탄수화물
309,carbon monoxide poisoning, 일산화탄소중독
310,carbuncle, 큰 종기
311,carcinoembryonic antigen, 암배아항원
312,carcinogen," 종양유발물질, 발암원"
313,carcinogenesis, 발암(현상)
314,carcinoid, 카르시노이드
315,carcinoma, 암종
316,carcinoma in situ, 상피내암종
317,carcinosarcoma, 암육종
318,cardiac arrest, 심장정지
319,cardiac catherization," 심장카테테르법, 심도관법"
320,cardiac catheterization, 심장도관술
321,cardiac scan, 심장스캔
322,cardiomegaly, 심장비대
323,cardiomyopathy, 심근병증
324,cardioplegia, 심장마비
325,cardiopulmonary resuscitation(CPR), 심폐소생술
326,"cardiotonic, cardiotonic agent", 강심제
327,cardiovascular system, 심장혈관계
328,cardioversion, 심장율동전환
329,carotid artery, 목동맥
330,carpal tunnel syndrome, 손목굴증후군
331,carrier," 보균자, 보충자, 보인자, 나르개"
332,cartilage, 연골
333,caseation necrosis," 치즈괴사, 건락괴사"
334,cast, 원주
335,castration, 거세
336,catabolism, 이화
337,cataract, 백내장
338,catecholamine, 카테콜라민
339,catgut, 창자실
340,catherization," 카테테르법, 도관법, 도자법"
341,catheter," 카테테르, 도관, 도자"
342,cauterization," 지짐(술), 소작(술), 부식"
343,cautery," 지짐술, 지짐기"
344,cecum," 막창자, 맹장"
345,cell, 세포
346,cell-mediated immunity, 세포매개면역
347,cellulitis, 연조직염
348,cementum, 시멘트질
349,census, 총인구조사
350,central nervous system(CNS), 중추신경계
351,centrifugation, 원심분리
352,cephalhematoma," 머리혈종, 두개혈종"
353,cephalosporin, 세팔로스포린
354,cerebellum, 소뇌
355,cerebral aneurysm," 뇌동맥류, 뇌동맥자루"
356,cerebral artery, 대뇌동맥
357,cerebral concussion, 뇌진탕
358,cerebral contusion, 뇌좌상
359,cerebral cortex, 대뇌겉질
360,cerebral hemisphere, 대뇌반구
361,cerebral infarction, 뇌경색증
362,cerebral palsy, 뇌성마비
363,cerebrospinal fluid(CSF), 뇌척수액
364,cerebrovascular accident(CVA), 뇌혈관사고
365,cerebrum, 대뇌
366,cerumen, 귀지
367,cervical dysplasia, 자궁목형성이상
368,cervical vertebra," 목뼈, 경추"
369,cervix cancer," 자궁목암, 자궁경부암"
370,"cervix, neck"," 목, 경부"
371,cesarian section, 제왕절개
372,chalazion," 콩다래귀, 산립종"
373,chancre, 굳은 궤양
374,chemotaxis," 화학쏠림성, 화학주성"
375,chemotherapy, 화학요법
376,"chickenpox, varicella", 수두
377,childhood," 아동기, 소아기"
378,childhood diabetes, 소아당뇨병
379,chiropractice, 지압
380,"chloasma, melasma", 기미
381,chlorination," 염소처리, 염소소독, 염소화"
382,chlorothiazide, 클로로티아지드
383,chlorpromazine, 클로르프로마진
384,cholangiography, 쓸개관조영술
385,cholecystectomy," 쓸개절제술, 담낭절제술"
386,cholecystitis," 쓸개염, 담낭염"
387,cholecystography, 쓸개조영술
388,cholecystokinin, 콜레시스토키닌
389,choledocholithiasis, 온쓸개관돌증
390,cholelithiasis," 쓸개돌증, 담석증"
391,cholera, 콜레라
392,cholesteatoma, 진주종
393,cholesterol, 콜레스테롤
394,cholinergic, 콜린(작동)성
395,cholinesterase, 콜린에스테라아제
396,chorea, 무도병
397,choriocarcinoma, 융모막암종
398,chorion, 융모막
399,choroid, 맥락막
400,chromatin, 염색질
401,chromosome, 염색체
402,chromosome abnormality, 염색체이상
403,chronic active hepatitis, 만성활동간염
404,chronic lymphocytic leukemia, 만성림프성 백혈병
405,chronic obstructive pulmonary disease, 만성폐쇄폐병
406,chronological age," 생활나이, 역연령"
407,chyle," 암죽, 유미"
408,chylomicron," 암죽미립, 유미미립, 킬로미크론"
409,"cicatrix, scar"," 흉터, 반흔"
410,cilia, 섬모
411,cineradiography, 영화방사선촬영술
412,circumcision," 꺼풀절제술, 포경수술"
413,claudication, 절뚝거림
414,clearance, 청소
415,cleft lip," 구순열, 입술갈림증"
416,clitoris, 음핵
417,coagulation, 응고
418,coagulation necrosis, 응고괴사
419,coagulation time, 응고시간
420,cobalamin, 코발라민
421,cobalt-60, 코발트-60
422,cocaine, 코카인
423,cochlea," 달팽이, 와우"
424,codeine, 코데인
425,codon," 코돈, 유전자부호"
426,cohort study," 계획연구, 전향연구, 앞방향연구"
427,colitis," 대장염, 결장염"
428,collagen," 아교질, 콜라젠"
429,colon," 잘룩창자, 결장"
430,colonization, 집락형성
431,colony, 집락
432,colostomy, 잘룩창자장냄술
433,colostrum," 첫젖, 초유"
434,coma, 혼수
435,complement, 보체
436,complement fixation reaction," 보체결합 반응, 도움체결합반응"
437,compulsion, 강박행위
438,computed tomography(CT), 전산화단층촬영법
439,concentration," 농도, 집중"
440,conception," 수태, 임신"
441,conceptus, 수태물
442,condyle, 돌기
443,condyloma, 콘딜로마
444,confabulation," 작화증, 말짓기증"
445,congenital heart disease, 선천심장병
446,congenital rubella syndrome, 선천풍진증후군
447,congenital syphilis, 선천매독
448,congestion, 울혈
449,congestive heart failure, 울혈성심장기능상실
450,conization, 원뿔절제(술)
451,conjoined twin, 결합쌍둥이
452,conjunctiva, 결막
453,conjunctivitis, 결막염
454,connective tissue, 결합조직
455,consciousness, 의식
456,constipation, 변비
457,contraception, 피임
458,contraceptive, 피임제
459,contraction, 수축
460,contracture, 구축
461,contraindication, 금기
462,contrast, 대조
463,contrast media, 조영제
464,contusion, 타박상
465,convergence, 눈모음
466,conversion, 전환
467,conversion disorder, 전환장애
468,Coombs test, 크움즈검사
469,cor pulmonale, 폐심장
470,cornea, 각막
471,coronary angioplasty, 심장동맥성형술
472,coronary artery bypass surgery," 심장동맥 두름길수술, 심장동맥우회로 수술"
473,coronary artery disease, 심장동맥병
474,cortex," 겉질, 피질"
475,corticosteroid, 코르티코스테로이드
476,cortisol, 코르티솔
477,cortisone, 코르티손
478,Corynebacterium diphtheriae, 디프테리아균
479,cough, 기침
480,coumarin, 쿠마린
481,cranial cavity, 두개강
482,cranial nerve, 뇌신경
483,craniotomy, 개두술
484,crease," 주름, 손금"
485,creatine, 크레아틴
486,creatinine, 크레아티닌
487,creatinine clearance, 크레아티닌 청소
488,crepitation, 비빔소리
489,cretinism, 크레틴병
490,crippled child, 지체부자유아동
491,crisis," 발작, 급통증, 위기"
492,Crohn's disease, 크론병
493,croup, 크룹
494,cryosurgery, 냉동외과수술
495,cryptorchism, 잠복고환증
496,culture, 배양
497,curet, 큐렛
498,curettage," 긁어냄(술), 소파(술)"
499,Cushing's syndrome, 쿠싱증후군
500,cuticle, 소피
501,cyanosis, 청색증
502,cyclothymic disorder, 순환성장애
503,cystic fibrosis, 낭성섬유증
504,cysticercosis, 낭미충증
505,cystourethrogram, 요도방광조영상
506,cytokine, 시토카인
507,cytology," 세포학, 세포진단학"
508,cytoplasm, 세포질
509,deafness," 귀먹음, 난청"
510,death," 사망, 죽음, 사"
511,debridement," 죽은조직제거술, 가장자리절제술"
512,debris," 조직파편, 부스러기"
513,decidua, 탈락막
514,deciduous tooth," 젖니, 탈락치아"
515,decubitus ulcer, 욕창
516,defecation," 배변, 불순물제거"
517,defense mechanism, 방어메커니즘
518,defibrillation," 제세동, 세동제거"
519,defibrillator," 잔떨림제거기, 제세동기"
520,dehydration, 탈수(증)
521,delirium, 섬망
522,delirium tremens, 진전섬망
523,delusion, 망상
524,dementia, 치매
525,Demerol, 데메롤
526,dengue fever, 뎅기
527,dental caries," 충치, 치아우식증"
528,denture," 틀니, 의치"
529,deoxyribonucleic acid (DNA), 데옥시리보핵산
530,deoxyribose, 디옥시리보스
531,dependence, 의존성
532,depression," 우울병, 우울증"
533,dermatitis, 피부염
534,dermatome, 피부분절
535,dermatosis, 피부병
536,dermis, 진피
537,desensitization," 민감소실, 탈민감"
538,detoxication, 해독
539,development," 발달, 발생, 발육"
540,developmental abnormality, 발달이상
541,dexamethasone, 덱사메타존
542,diabete mellitus, 당뇨병
543,diabetes insipidus, 요붕증
544,diabetic nephropathy, 당뇨병콩팥병증
545,diabetic neuropathy, 당뇨병신경병증
546,diagnosis, 진단
547,diagnostic radiology, 진단방사선과학
548,dialysis, 투석
549,diaphragm," 가로막, 횡격막"
550,diarrhea, 설사
551,diathermy," 열치료, 투열요법"
552,diet, 다이어트
553,differentiation, 분화
554,digestion, 소화
555,digestive system, 소화기계통
556,digitalis, 디지탈리스
557,Dilatation and Curettage(D & C)," 자궁긁어냄술, 자궁목확장"
558,diphtheria, 디프테리아
559,diplopia, 겹보임
560,disinfection, 소독
561,dislocation, 탈구
562,displacement, 전위
563,dissociative disorder, 해리장애
564,diuretics, 이뇨제
565,division, 분열
566,DNA," 디옥시리보핵산, 디엔에이"
567,"doctor, physician", 의사
568,doctor-patient relationship, 의사환자관계
569,dominance," 우세, 우세성"
570,donor, 주는이
571,dopamine, 도파민
572,dose," 용량, 투여량, 방사선량"
573,Down syndrome, 다운증후군
574,drainage," 배출, 배액, 배농, 유출"
575,Draw a person test, 인물화 성격검사
576,droplet infection," 비말감염, 작은방울감염"
577,drug," 약, 약물, 약제"
578,drug dependence, 약물의존(성)
579,drug resistance, 약물내성
580,dumping syndrome, 덤핑증후군
581,duodenum," 샘창자, 십이지장"
582,duplication, 중복
583,dura mater, 경질막
584,dwarfism," 난쟁이, 왜소증"
585,dysentery, 이질
586,dysmenorrhea, 월경통
587,dyspareunia, 성교통증
588,dysphonia, 발성장애
589,dystocia, 난산
590,ear, 귀
591,ear drum, 고막
592,ecchymosis," 얼룩출현, 반출혈"
593,echinococcus, 에키노콕쿠스
594,echocardiography," 심장초음파검사, 심초음파검사"
595,echogram, 메아리영상
596,echogram," 초음파영상, 메아리영상"
597,eclampsia, 자간증
598,ectoderm, 외배엽
599,ectopic pregnancy, 자궁외 임신
600,eczema, 습진
601,edema, 부종
602,effusion," 삼출, 삼출물"
603,ego, 자아
604,ejaculation, 사정
605,Electric convulsive therapy(ECT), 전기경련요법
606,electro beam, 전자선
607,electrocautery," 전기소작, 전기소작기"
608,"electroencephalogram, EEG", 뇌파도
609,electrolyte, 전해질
610,"electromyogram, EMG", 근전도
611,electron microscope, 전자현미경
612,electronic medical record(EMR), 전자의무기록
613,electrophoresis, 전기이동
614,elephantiasis, 코끼리피부병
615,embolism, 색전증
616,embryo, 배아
617,embryonal carcinoma, 배아암종
618,emesis gravidarum," 입덧, 임신구토"
619,"emesis, vomiting", 구토
620,"emetics, emetic", 구토제
621,emmetropia, 정시안
622,emotion, 감정
623,emphysema, 폐공기증
624,emphysema, 폐기종
625,empyema," 가슴고름집, 농흉, 축농증"
626,enamel, 사기질
627,encephalitis, 뇌염
628,encephalomyelitis, 뇌척수염
629,endemic disease, 풍토병
630,endocrine gland, 내분비샘
631,endoderm, 내배엽
632,endolymph, 내림프
633,endometriosis, 자궁내막증
634,endometritis, 자궁내막염
635,endometrium," 자궁내막, 자궁속막"
636,endorphin, 엔도르핀
637,endoscopy," 내시경검사법, 내시경술"
638,endotracheal intubation, 기관내삽관
639,enema," 관장, 관장제"
640,Entamoeba histolytica, 이질아메바
641,enterobius vermicularis, 요충
642,entropion," 속말림, 눈꺼풀속말림"
643,enuresis," 야뇨증, 유뇨증"
644,environmental pollution, 환경오염
645,enzyme, 효소
646,enzyme-linked immunoabsorbent assay, 효소면역측정법
647,eosinophilia, 호산구증가증
648,epidemic, 유행
649,epidemic hemorrhagic fever, 유행출혈열
650,"epidemic parotitis, mumps"," 볼거리, 유행귀밑샘염"
651,"epidemiology, reflux", 역학
652,epididymis, 부고환
653,epilepsy, 간질
654,epinephrine, 에피네프린
655,episiotomy, 외음절개술
656,epispadia, 요도위열림증
657,"epistaxis, nasal bleeding"," 코피, 비출혈"
658,epithelial tissue, 상피조직
659,epithelial tumor, 상피성종양
660,erosion," 까짐, 진무름"
661,erosion, 미란
662,"eructation, belching, burping", 트림
663,eruption," 발진, 이돋이, 맹출"
664,erysipelas," 단독, 얕은연조직염"
665,erythema, 홍반
666,erythremia," 적혈증, 적혈병"
667,erythroblast," 적모세포, 적혈구모세포"
668,erythroblastosis fetalis, 태아적모구증
669,esophageal varix, 식도정맥류
670,esophagus, 식도
671,esotropia, 내사시
672,ESR(Erythrocyte Sedimentation Rate)," 적혈구침강속도, 혈침"
673,estrogen, 에스트로겐
674,ether, 에테르
675,ethyl alcohol, 에틸알코올
676,etiology," 병인론, 병인"
677,eugenics, 우생학
678,Eunuchism, 고자증
679,eunuchoidism, 고자닮은증
680,euphoria," 다행감, 다행증"
681,euthanasia, 안락사
682,exchange transfusion, 교환수혈
683,excision," 절제(술), 적출(술)"
684,exhaustion, 탈진
685,exhibitionism, 성기노출
686,exocrine glands, 외분비샘
687,exon, 엑손
688,exophthalmic goiter, 안구돌출갑상샘종
689,exophthalmos, 눈돌출(증)
690,exostosis, 뼈돌출증
691,exotoxin, 외독소
692,"extirpation, removal"," 적출술, 제거술"
693,extracellular fluid, 세포외액
694,extracorporeal circulation," 체외순환, 몸밖순환"
695,extract, 추출물
696,"extremity, limb", 팔다리
697,eye," 눈, 안구"
698,eythrocyte, 적혈구
699,facial muscle, 얼굴근육
700,facial nerve, 얼굴신경
701,facial palsy, 얼굴신경마비
702,facial spasm, 얼굴연축
703,"facies, face"," 얼굴, 면"
704,fainting," 실신, 기절"
705,false labor, 가진통
706,family therapy, 가족요법
707,fasting," 공복, 절식"
708,fasting blood sugar," 공복혈당, 빈속혈당"
709,fat, 지방
710,fatigue, 피로
711,"fauces, throat"," 목구멍, 구협"
712,febricide, 해열제
713,febrile fit," 열성경련, 열성발작"
714,fecal incontinence, 대변실금
715,feedback, 되먹임
716,feeding," 영양, 급식"
717,fertility," 생식능력, 출산력"
718,fertilization, 수정
719,fetal alcohol syndrome, 태아알코올증후군
720,fetal assessment, 태아사정
721,fetal monitoring, 태아감시
722,fetishism," 여성물건애, 물품음난종"
723,fetus, 태아
724,fever, 열
725,fever blister, 열성수포
726,fibrillation, 잔떨림
727,fibrin, 섬유소
728,fibrinogen, 섬유소원
729,fibrinoid necrosis, 섬유소성괴사
730,fibrocystic disease of breast, 유방 섬유낭병
731,fibrosis," 섬유증, 섬유화"
732,fibrositis, 섬유조직염
733,fibrous dysplasia, 섬유형성이상
734,fibula," 종아리뼈, 비골"
735,filaria, 사상충
736,fissure, 틈새
737,fistula, 샛길
738,"fit, paroxysmal"," 발작, 적응, 적합"
739,five senses, 오감
740,five-year survival rate, 오년생존율
741,fixation," 고정, 집착, 주시"
742,fixation, 고착
743,fixative," 고정액, 고정제"
744,flagellum," 편모, 긴털"
745,flap," 피판, 피부판, 판"
746,flatus," 방귀, 위창자내공기"
747,flora," 균무리, 식물상"
748,flow," 흐름, 유량"
749,fontanel," 숫구멍, 대천문"
750,food," 식품, 음식"
751,food poisoning, 식중독
752,formula, 처방
753,fracture, 골절
754,freckle, 주근깨
755,frostbite, 동상
756,frozen shoulder," 굳은어깨, 동결견"
757,full term," 만기임신, 만삭"
758,fulminant hepatitis, 전격간염
759,fungus, 곰팡이
760,fungus, 진균
761,funnel breast," 오목가슴, 누두흉"
762,furunculus, 종기
763,gait," 걸음, 보행"
764,gait disturbance," 보행장애, 걸음장애"
765,gallbladder," 쓸개, 담낭"
766,gallstone," 쓸개돌, 담석"
767,gamma ray, 감마선
768,gammaglobulin, 감마글로불린
769,gamophobia, 결혼공포증
770,"ganacratia, pollution"," 몽정, 유정"
771,ganglion, 결절종
772,ganglion, 신경절
773,gangrene, 괴저
774,gantrisin, 간트리신
775,gas, 가스
776,gastrectomy, 위절제(술)
777,gastritis, 위염
778,gastroenteritis, 위창자염
779,gauze, 거즈
780,gene, 유전자
781,gene therapy, 유전자요법
782,genetic code, 유전부호
783,genetic engineering, 유전공학
784,genitalia, 생식기
785,genome, 유전체
786,Gentamicin, 겐타마이신
787,gereology," 노인학, 노년학"
788,geriatrics, 노인의학
789,german measles, 풍진
790,Giardia lamblia, 람플편모충
791,giardiasis, 람블편모충증
792,"giddiness, dizziness, vertigo"," 어지러움, 현기증"
793,gigantism, 거인증
794,gingiva, 잇몸
795,gland, 샘
796,glanders, 마비저
797,glaucoma, 녹내장
798,glia cell, 아교세포
799,glioma, 신경아교종
800,globin, 글로빈
801,globulin, 글로불린
802,glomerulonephritis," 토리콩팥염, 사구체신염"
803,glomerulus," 토리, 사구체"
804,glucagon, 글루카곤
805,glucocorticoid, 글루코코르티코이드
806,glucose, 포도당
807,glucose tolerance test, 포도당견딤검사
808,glycogen," 글리코겐, 당원"
809,glycogenesis, 글리코겐합성
810,glycosuria, 당뇨
811,goiter, 갑상샘종
812,Golgi body, 골지체
813,gonad, 생식샘
814,gout, 통풍
815,graft, 이식편
816,graft versus host reaction, 이식편대 숙주반응
817,Gram stain, 그람염색
818,grand mal seizure, 대발작
819,granulation tissue, 육아조직
820,granulocyte, 과립구
821,granuloma, 육아종
822,Graves' disease, 그레이브스병
823,growth factor, 성장인자
824,growth hormone, 성장호르몬
825,guanine, 구아닌
826,guilty feeling, 죄책감
827,guinea pig, 기니픽
828,gunshot wound, 총상
829,Gymnophalloides seoi, 참굴큰입흡충
830,gynecology, 부인과학
831,gynecomastia, 여성유방증
832,gyrus, 뇌이랑
833,habitual abortion, 습관유산
834,habitus," 체형, 체질"
835,hair," 털, 모발"
836,half-life, 반감기
837,"halitosis, fetor"," 입냄새, 구취"
838,hallucination, 환각
839,haloperidol, 할로페리돌
840,halothane, 할로탄
841,Hantavirus, 한타바이러스
842,healing, 치유
843,health, 건강
844,hearing," 듣기, 청각, 청력"
845,hearing aid, 보청기
846,hearing test, 청력검사
847,heart, 심장
848,heart disease, 심장병
849,heart failure, 심장기능상실
850,heart murmur, 심장잡음
851,heart-lung machine, 심장-허파 기계
852,heartburn, 가슴쓰림
853,helminth, 연충
854,helminthiasis, 연충증
855,hemagglutinin, 적혈구응집소
856,hemangioma, 혈관종
857,hematemesis," 토혈, 혈액구토"
858,hematochezia," 혈변, 혈변배설"
859,hematocrit, 적혈구용적율
860,hematocrit," 헤마토크릿, 적혈구용적률"
861,hematoma, 혈종
862,hematopoiesis, 조혈
863,hematuria, 혈뇨
864,heme, 헴
865,hemianopia, 반맹
866,hemiplegia," 반마비, 편마비"
867,hemoconcentration, 혈액농축
868,hemocyte, 혈구
869,hemodialysis, 혈액투석
870,hemodialyzer, 혈액투석기
871,hemodilution, 혈액희석
872,hemoglobin, 혈색소
873,hemolysis, 용혈
874,hemolytic anemia, 용혈빈혈
875,hemolytic disease of newborn, 신생아용혈병
876,hemophilia, 혈우병
877,hemoptysis, 객혈
878,hemorrhage, 출혈
879,hemorrhoid, 치질
880,hemostasis, 지혈
881,hemostatic, 지혈제
882,hemothorox," 혈액가슴, 혈흉"
883,heparin, 헤파린
884,hepatectomy, 간절제(술)
885,hepatic duct, 간관
886,hepatic portal system, 간문맥계
887,hepatitis, 간염
888,hepatoma, 간암
889,hepatomegaly, 간비대
890,"hermaphrodite, intersex"," 남녀한몸, 암수한몸"
891,hernia," 헤르니아, 탈장"
892,heroin, 헤로인
893,herpes simplex, 단순헤르페스
894,herpes zoster, 대상 포진
895,herpetic gingivostomatitis, 헤르페스잇몸구내염
896,heterozygote, 이형접합체
897,hiatal hernia, 열공헤르니아
898,hiccup, 딸꾹질
899,hilum, 문
900,hirsutism, 다모증
901,histamine, 히스타민
902,histopathology, 조직병리학
903,histrionic personality disorder, 히스테리인격장애
904,"hives, urticaria", 두드러기
905,Hodgkin's disease, 호지킨병
906,homeostasis, 항상성
907,homosexuality, 동성애
908,hookworm, 구충
909,"hordeolum, stye"," 맥립종, 다래끼"
910,hormone, 호르몬
911,Horner syndrome, 호르너증후군
912,hospice," 임종간호, 호스피스"
913,hospital, 병원
914,hospitalization, 입원
915,host, 숙주
916,humerus," 위팔뼈, 상완골"
917,humidifier, 가습기
918,hyaline membrane disease, 유리질막병
919,hybridoma, 하이브리도마
920,hydatidiform mole," 포상기태, 포도송이기태"
921,hydrocele, 음낭수종
922,hydrocephalus," 물뇌증, 수두증"
923,hydronephrosis, 물콩팥증
924,hydrops, 수종
925,hydrothorax, 물가슴증
926,hymen, 처녀막
927,hyperactivity, 과다활동
928,hyperbaric oxygenation therapy, 고압산소요법
929,hyperbilirubinemia, 고빌리루빈혈증
930,hypercholesterolemia, 고콜레스테롤혈증
931,hyperemia, 충혈
932,hyperopia, 원시
933,hyperparathyroidism, 부갑상샘기능항진증
934,hyperplasia," 과다형성, 증식"
935,hypersensitivity," 과민, 예민"
936,hypersplenism, 지라기능항진증
937,hypertension, 고혈압
938,hypertensive heart disease, 고혈압심장병
939,hyperthermia, 온열요법
940,"hyperthermia, fever", 고열
941,hyperthyroidism," 갑상샘과다증, 갑상선기능항진증"
942,hypertrophy, 비대
943,hypnosis, 최면
944,hypnotic," 최면약, 수면약"
945,hypochondriasis," 침울증, 심기증"
946,hypochromia, 저염색성
947,hypoglycemia, 저혈당(증)
948,hypogonadism, 생식샘기능저하증
949,hypoparathyroidism, 부갑상샘기능저하증
950,"hypophysis, pituitary", 뇌하수체
951,hypopituitarism, 뇌하수체저하증
952,hypoplasia, 형성저하증
953,hypotension, 저혈압
954,hypothalamus, 시상하부
955,hypothyroidism," 갑상샘저하증, 갑상선기능저하증"
956,hypoxia, 저산소증
957,hysterectomy, 자궁절제술
958,hysteria, 히스테리
959,hysterosalpingogram, 자궁관조영
960,icterus neonatorum, 신생아황달
961,"icterus, jaundice", 황달
962,id," 이드, 원본능"
963,IDDM(Insulin-Dependent Diabetes Mellitus), 인슐린의존당뇨병
964,identical twins, 일란성 쌍생아
965,idiocy, 백치증
966,idiosyncrasy, 특이체질
967,idiot, 백치
968,ileum," 돌창자, 회장"
969,ileus," 창자막힘증, 장폐색증"
970,illusion, 착각
971,immune system, 면역체계
972,immunity, 면역
973,immunoglobulin, 면역글로불린
974,immunological reaction, 면역반응
975,immunosuppressant, 면역억제제
976,immunotherapy, 면역요법
977,impetigo, 고름딱지증
978,impetigo," 농가진, 고름딱지증"
979,impotence," 발기불능, 발기부전"
980,in vitro, 시험관내
981,in vivo, 생체내
982,incontinence," 실금, 실조"
983,"incubation period, latent stage"," 잠복기, 배양기간"
984,incubator," 보육기, 배양기"
985,incubus, 악몽
986,incus," 모루뼈, 침골"
987,induration, 경화
988,industrial health, 산업보건
989,infancy," 영아기, 유아기"
990,infant," 영아, 유아, 젖먹이"
991,infarction, 경색증
992,infection, 감염
993,infectious disease, 감염병
994,infectious mononucleosis, 전염단핵구증
995,"infertility, sterility", 불임증
996,inflammation," 염, 염증"
997,inflammatory bowel disease, 염증성창자병
998,influenza, 인플루엔자
999,influenza virus, 인플루엔자바이러스
1000,information, 정보
1001,informed consent, 사전동의
1002,infrared ray, 적외선
1003,inguinal hernia," 샅굴탈장, 서혜부탈장"
1004,inguinal region of abdomen," 샅, 서혜부, 샅고랑"
1005,inhalation, 흡입(법)
1006,injection, 주입
1007,injury, 손상
1008,inlay," 속넣기, 봉박이"
1009,innervation, 신경분포
1010,inoculation, 접종
1011,insanity," 정신이상, 정신장애"
1012,insemination, 정액주입
1013,insight," 병식, 통찰, 질병인식"
1014,insomnia, 불면증
1015,instinct, 본능
1016,insufflation," 흡입법, 통기법"
1017,insulin, 인슐린
1018,integument, 외피
1019,intelligence test, 지능검사
1020,intensive care unit, 중환자실
1021,interferon, 인터페론
1022,interleukin, 인터루킨
1023,intermittent positive pressure breathing(IPPB), 간헐적양압호흡
1024,interstitial therapy, 근접치료
1025,intertrigo," 피부스침증, 간찰진"
1026,intervertebral disk," 척추원반, 추간판"
1027,intestine," 창자, 장"
1028,intolerance, 못견딤(증)
1029,intoxication, 중독
1030,intracavitary therapy, 강내요법
1031,Intrauterine Device(IUD), 자궁내 장치
1032,intravenous cholangiography, 정맥쓸개관 조영술
1033,intravenous pyelography(IVP)," 정맥깔때기조영술, 정맥신우조영술"
1034,introspection," 내성, 자기성찰"
1035,intubation," 관넣기, 삽관(법)"
1036,intussusception, 장중첩증
1037,intussusception," 창자겹침증, 장겹침증"
1038,involution, 퇴화
1039,involutional melancholia, 갱년기멜랑콜리아
1040,iodine," 요오드, 옥소"
1041,iodine, 요오드
1042,iodine uptake, 요오드 섭취
1043,ion, 이온
1044,iridectomy, 홍채 절제술
1045,iridoplegia, 홍채마비
1046,iris, 홍채
1047,iron, 철
1048,iron deficiency anemia, 철결핍빈혈
1049,irradiation, 방사선조사
1050,irritable bowel syndrome, 과민성대장증후군
1051,"irritation, stimulus", 자극
1052,ischemia, 허혈
1053,isomer," 이성질체, 이성체"
1054,isoniazid(INH), 이소니아지트
1055,isotope, 동위원소
1056,isthmus, 잘룩
1057,"itch, pruritus", 가려움
1058,jaw," 턱, 아래턱"
1059,jealousy, 질투
1060,jejunum," 빈창자, 공장"
1061,joint, 관절
1062,joint capsule," 관절주머니, 관절낭"
1063,jugular vein, 목정맥
1064,karyotype, 핵형
1065,keloid, 켈로이드
1066,keratitis, 각막염
1067,keratoplasty, 각막이식술
1068,keratosis, 각화증
1069,kernicterus, 핵황달
1070,ketoacidosis, 케톤산증
1071,kidney," 콩팥, 신장"
1072,kidney stones," 콩팥돌, 콩팥결석"
1073,Klebsiella pneumoniae, 폐렴막대균
1074,kleptomania, 병적도벽
1075,Klinefelter syndrome, 클라인펠터증후군
1076,kyphoscoliosis, 척주뒤옆굽음증
1077,kyphosis," 척주뒤굽음증, 척주후만증"
1078,labium major, 대음순
1079,labium minor, 소음순
1080,labyrinth, 미로
1081,laceration," 찢긴상처, 찢김, 열창, 열상"
1082,lacrimal duct, 눈물관
1083,lacrimal glands, 눈물샘
1084,lacrimal sac, 눈물주머니
1085,lactation," 젖분비, 수유"
1086,lactose, 젖당
1087,laminagraphy, 단층촬영술
1088,Langerhans islets, 랑게르한스섬
1089,language disorder, 언어장애
1090,lanugo, 배냇솜털
1091,laparoscope, 복강경. 배안보개
1092,laparotomy, 개복술
1093,large intestine," 큰창자, 대장"
1094,larynx, 후두
1095,laser, 레이저
1096,laser surgery, 레이저수술
1097,lateral decubitus position, 옆으로 눕는 자세
1098,"lead poisoning, saturinism", 납중독
1099,learning, 학습
1100,learning disorder, 학습장애
1101,leiomyoma, 평활근종
1102,leishmaniasis, 리슈만편모충증
1103,Lens," 렌즈, 수정체"
1104,lentigo, 흑색점(증)
1105,leprosy, 나병
1106,leptospirosis, 렙토스피라병
1107,lesion," 병터, 병변"
1108,"lethergy, somnolence"," 졸음증, 기면"
1109,leukemia, 백혈병
1110,leukoplakia, 백반
1111,leukorrhea, 질분비물
1112,libido," 리비도, 활력, 성욕"
1113,lichenification, 태선화
1114,ligaments, 인대
1115,ligature," 결찰, 묶기"
1116,light reflex, 빛반사
1117,linear accelerator, 선상가속기
1118,lipid, 지질
1119,lipoma, 지방종
1120,liposuction, 지방흡인(술)
1121,lithium, 리튬
1122,liver, 간
1123,liver biopsy, 간생검
1124,liver cirrhosis, 간경화(증)
1125,liver function tests, 간기능검사
1126,lobes, 엽
1127,louse, 이
1128,lumpectomy, 덩어리절제술(종괴절제술)
1129,lung cancer, 폐암
1130,Lungs," 폐, 허파"
1131,lunula," 반달, 반월"
1132,luteinizing hormone(LH), 황체형성호르몬
1133,lymph, 림프
1134,lymph nodes, 림프절
1135,lymphatic system, 림프계
1136,lymphocyte, 림프구
1137,lymphoma, 림프종
1138,lysosome, 용해소체
1139,lysozyme, 리소자임
1140,maceration," 짓무름, 물렁화 침연"
1141,Macronutrients, 다량영양(물)
1142,"macrophages, phagocyte"," 포식세포, 큰포식세포"
1143,magnetic resonance imaging(MRI), 자기공명영상
1144,malabsorption, 흡수장애
1145,malacia, 연화증
1146,malaise, 권태감
1147,malaria," 말라리아, 학질"
1148,male reproductive system, 남성생식기계
1149,malformation, 기형
1150,malignant melanoma, 악성흑색종
1151,malignant tumor, 악성종양
1152,malnutrition, 영양실조
1153,malpractice, 의료과실
1154,mammary glands," 젖샘, 유선"
1155,"mammary papilla, nipple"," 유두, 젖꼭지"
1156,mamography, 유방조영술
1157,"mandibular bone, mandible"," 아래턱뼈, 하악골"
1158,mania," 조증, 조병"
1159,manic depressive illness(MDI), 조울병
1160,Mantoux test, 망토우검사
1161,marasmus, 소모증
1162,marijuana, 마리화나
1163,masochism, 피학대성애
1164,massage, 마사지
1165,mast cell, 비만 세포
1166,mastectomy, 유방절제(술)
1167,mastication," 씹는일, 씹기"
1168,mastoiditis," 바위염, 유양돌기염"
1169,masturbation," 자위, 수음"
1170,maternity, 모성
1171,matrix," 바탕질, 기질"
1172,maturation, 성숙
1173,"maxilla, upper jaw"," 위턱뼈, 상악골"
1174,mechanism," 기전, 메커니즘"
1175,mechanism, 메커니즘
1176,Meckel diverticulum," 메켈곁주머니, 메켈게실"
1177,meconium," 배내똥, 태변"
1178,medial," 안쪽의, 내측의"
1179,medical examination, 의학적 검사
1180,medical record, 의무기록
1181,medication," 투약, 약물처치"
1182,medicine, 의학
1183,medulla oblongata," 숨뇌, 연수"
1184,medullary cavity, 골수강
1185,medullary tumor, 수질성 종양
1186,megacolon," 큰잘룩차장증, 큰결장증"
1187,megakaryocyte," 거대핵세포, 거핵세포"
1188,megaloblast, 거대적모구
1189,megavolt, 메가볼트
1190,melancholia," 중증우울병, 멜란콜리아"
1191,melanin, 멜라닌
1192,melatonin, 멜라토닌
1193,melena," 흑색변, 혈변"
1194,memory, 기억
1195,menarche," 초경, 초조"
1196,meninges," 수막, 뇌척수막"
1197,meningioma, 수막종
1198,meningitis, 수막염
1199,meningomyelocele," 수막척수탈출증, 수막척수류"
1200,menopause, 폐경기
1201,menorrhagia, 월경과다
1202,menstruation, 월경
1203,"meprobamate(=Miltown, Equanil)", 메프로바메이트
1204,mesenterry," 창자사이막, 창자간막"
1205,mesoderm, 중배엽
1206,metacercaria, 피낭유충
1207,metaphase, 중기
1208,metaplasia, 화생
1209,metastasis, 전이
1210,methamphetamine, 메타암페타민
1211,methodology, 방법론
1212,methotrexate, 메토트렉세이트
1213,micelle," 미포, 마이셀"
1214,microbiology, 미생물학
1215,microcirculation, 미세순환
1216,microfilaria, 미세사상충
1217,micrometer," 마이크로미터, 미세측정기"
1218,micronutrients, 미량영양소
1219,microorganism, 미생물
1220,microscope, 현미경
1221,microsurgery, 미세수술
1222,microtia," 작은귀증, 소이증"
1223,microvilli, 미세융모
1224,middle ear," 가운데귀, 중이"
1225,midwife," 조산사, 산파"
1226,miliaria, 땀띠
1227,milium, 좁쌀종
1228,milk," 젖, 우유"
1229,mineralocorticoid," 염류코르티코이드, 광물코르코이드"
1230,Minnesota Multiphasic Personality Inventory(MMPI), 미네소타 다면적 인성검사
1231,miosis, 축동
1232,miscarriage," 낙태, 유산"
1233,miscarriage, 유산
1234,misuse, 오용
1235,mitochondria, 사립체
1236,mitogen," 미토겐, 분열촉진물질, 유사분열물질"
1237,mitosis, 유사분열
1238,mitral stenosis, 승모판막 협착증
1239,mitral valve, 승모판막
1240,MMPI, 다면적 인성검사
1241,molar, 큰어금니
1242,mole, 기태
1243,molecular weight, 분자량
1244,monosaccharide, 단당류
1245,mood, 기분
1246,morbidity, 이환률
1247,morphine, 모르핀
1248,morphogenesis," 형태발생, 형태형성"
1249,morphology, 형태학
1250,mortality, 사망률
1251,mosaicism, 섞임증
1252,motion sickness, 멀미
1253,motivation," 동기, 동인, 의욕유발"
1254,motor aphasia, 운동언어상실증
1255,motor unit, 운동단위
1256,mouse," 생쥐, 마우스"
1257,mouth, 입
1258,mucin, 점액소
1259,mucinous tumor, 점액종양
1260,mucopolysaccharide, 점액다당류
1261,mucopolysaccharidosis, 점액다당류증
1262,mucormycosis, 털곰팡이증
1263,mucosa, 점막층
1264,mulluscum contagiosum, 전염물렁종
1265,multiple myeloma, 다발골수종
1266,multiple personality, 다인성 인격
1267,multiple sclerosis, 다발경화증
1268,murmur, 잡음
1269,muscle, 근육
1270,muscle biopsy, 근육생검
1271,muscle cell(=muscle fiber), 근육세포
1272,muscular dystrophy, 근육퇴행위축
1273,muscular system, 근육계통
1274,musculoskeletal System, 근골격계
1275,mutation, 돌연변이
1276,mutism," 무언증, 벙어리, 함구증"
1277,MVP(=mitral valve prolapse), 승모판 탈출증
1278,myalgia, 근육통
1279,myasthenia gravis, 중증근육무력증
1280,Mycobacterium tuberculosis, 결핵균
1281,mycology, 진균학
1282,mycosis fungoides, 균상식육종
1283,mydriasis," 산동, 동공산대"
1284,myelin sheath, 말이집
1285,myelogram, 척수강 조영상
1286,myiasis, 구더기증
1287,myocardial infarction, 심근경색증
1288,myocarditis," 심근염, 심장근육염"
1289,myocardium, 심근
1290,myoclonus, 간대성근경련(증)
1291,myoglobin, 미오글로빈
1292,myometrium," 자궁근육층, 자궁근층"
1293,myopia, 근시
1294,myosin," 굵은근육미세섬유, 미오신"
1295,myringitis, 고막염
1296,myringotomy, 고막절개술
1297,myxedema, 점액부종
1298,nail, 손톱
1299,nail plate," 손톱판, 조갑판"
1300,narcissism," 자기애, 나르시즘"
1301,narcissistic personality disorder, 자기애적 인격장애
1302,narcolepsy," 발작수면, 기면증"
1303,narcotics, 마약
1304,nasal bone, 코뼈
1305,nasal cavity," 비강, 코안"
1306,nasogastric intubation, 코경유위삽관
1307,nasolacrimal duct, 코눈물관
1308,nausea, 구역
1309,necrosis, 괴사
1310,negativism, 거부증
1311,Neisseria gonorrhoeae, 임균
1312,nematoda, 선충
1313,Neodiplostomum seoulensis, 서울주걱흡충
1314,neonatal intensive care center, 신생아 집중치료실
1315,neonatology, 신생아학
1316,neoplasm, 신생물
1317,nephritis(interstitial)," 콩팥염, 신장염(간질성)"
1318,nephron," 콩팥단위, 신장단위"
1319,nephrotic syndrome, 콩팥증후군
1320,nephrotoxicity," 콩팥독성, 신독성"
1321,nerve, 신경
1322,nerve, 신경
1323,nerve cell, 신경세포
1324,nervous system, 신경계
1325,neural canal, 신경관
1326,neuralgia, 신경통
1327,neurasthenia, 신경쇠약증
1328,neurilemmoma, 신경집종
1329,neuroblast, 신경모세포
1330,neuroectoderm, 신경외배엽
1331,neuroepithelium, 신경상피
1332,neurofibromatosis, 신경섬유종증
1333,neurohypophysis, 신경뇌하수체
1334,neurology, 신경학
1335,neuron," 뉴런, 신경원"
1336,neurosis, 신경증
1337,neurosurgery, 신경외과(학)
1338,neurosyphilis, 신경매독
1339,neurotransmitter, 신경전달물질
1340,neutropenia, 호중성백혈구감소증
1341,neutrophil, 중성구
1342,nevus, 모반
1343,newborn infant, 신생아
1344,niacin, 니아신
1345,nicotine, 니코틴
1346,nifedipine, 니페디핀
1347,nipple," 젖꼭지, 유두"
1348,nitrogenous waste, 질소폐기물
1349,nitroglycerin, 니트로글리세린
1350,nomenclature, 명명법
1351,non-Hodgkin lymphoma, 비호지킨 림프종
1352,nongonococcal urethritis, 비임균성요도염
1353,nonunion," 불유합, 안붙음"
1354,noradrenalin, 노르아드레날린=노르에피네프린
1355,nothing per os, 금식
1356,notochord, 척삭
1357,nuclear magnetic resonance(NMR), 핵자기공명
1358,nuclear medicine, 핵의학
1359,nucleic acid, 핵산
1360,nucleoplasm," 핵형질, 핵질"
1361,nucleus, 핵
1362,nulliparous(woman), 무산부
1363,nursery, 갓난애방
1364,nursery, 신생아실
1365,nutrition, 영양
1366,"nyctalopia, night blinduese"," 야맹증, 밤소경"
1367,nystagmus," 눈떨림, 안진, 안구진탕"
1368,obesity, 비만증
1369,obsessive-compulsive disorder, 강박반응성 장애
1370,obstetrics, 산과학
1371,occlusion, 폐색
1372,odor, 냄새
1373,official name(=generic name), 일반명
1374,old age, 노년
1375,olfactory sense, 후각
1376,oligodendroglioma, 희소돌기아교세포종
1377,oliguria," 소변감소증, 감뇨증"
1378,omphalitis, 배꼽염
1379,oncology, 종양학
1380,oophorectomy, 난소절제(술)
1381,open heart surgery," 개심술, 심장절개술"
1382,operation, 수술
1383,ophthalmologist, 안과의(사)
1384,ophthalmoplegia, 눈근육마비
1385,Ophthamoscopy, 검안경검사
1386,opiates, 아편제
1387,opioid, 아편유사제
1388,opisthotonos, 활모양강직
1389,opium, 아편
1390,opsonin, 옵소닌
1391,optic disk, 시신경유두
1392,optic nerve, 시각신경
1393,optician," 안경사, 광학기사"
1394,Optometrist, 검안사
1395,oral administration, 경구복용
1396,oral cavity, 구강
1397,oral cavity, 입안
1398,orbit," 눈확, 안와"
1399,orchiectomy, 고환절제술
1400,orchitis, 고환염
1401,organ, 기관
1402,organ of Corti, 코르티기관
1403,organelle, 소기관
1404,organic brain syndrome, 기질적 뇌증후군
1405,organism," 생체, 유기체, 생물"
1406,organizer, 형성체
1407,oropharynx," 입인두, 구인두"
1408,orthopedist, 정형외과의(사)
1409,orthoptic training, 시능훈련
1410,osmoreceptor," 삼투수용체, 삼투압수용기"
1411,osmosis, 삼투
1412,osmotic fragility, 삼투압취약성
1413,osmotic pressure, 삼투압
1414,osseous tissue," 뼈조직, 골조직"
1415,ossicle(s), 소골
1416,ossification, 골화
1417,osteitis fibrosa cystica, 낭성 섬유뼈염
1418,osteoarthritis, 골관절염
1419,osteoclast," 뼈파괴세포, 파골세포"
1420,osteogenesis imperfecta, 불완전골생성증
1421,osteomalacia, 골연화증
1422,osteomyelitis, 골수염
1423,osteon," 뼈단위, 골원, 골단위"
1424,osteoporosis, 뼈다공증
1425,osteosarcoma, 뼈육종
1426,osteosarcoma," 뼈육종, 골육종"
1427,otalgia," 귀통증, 귀아픔"
1428,otitis media, 중이염
1429,otoscopy," 이경검사법, 귀보개"
1430,"outer ear, external ear"," 바깥귀, 외이"
1431,oval window," 안뜰창, 난원창, 전정창"
1432,ovarian cancer, 난소암
1433,ovarian cysts, 난소낭
1434,ovary, 난소
1435,ovulation, 배란
1436,ovulation cycle, 배란주기
1437,ovulation induction, 배란유도
1438,ovum(ova)," 난자, 난"
1439,oxacillin, 옥사실린
1440,oxidation," 산화, 산화작용"
1441,oxygen, 산소
1442,oxytocin, 옥시토신
1443,ozone, 오존
1444,pacemaker," 길잡이, 심장길잡이"
1445,pacemaker, 박동조율기
1446,pacemaker(of heart), 심장박동기
1447,Paget's disease, 파제트병
1448,pain, 통증
1449,palate, 입천장
1450,palatine tonsils," 구개편도, 입천장편도"
1451,palliation," 고식, 완화"
1452,pallor, 창백
1453,palmar crease, 손바닥주름
1454,palpation, 촉진
1455,palpebra," 눈꺼풀, 안검"
1456,palpitation," 두근거림, 심계항진"
1457,pancreas," 이자, 췌장"
1458,pancreatic duct," 이자관, 췌장관"
1459,pancreatitis," 이자염, 췌장염"
1460,panhysterectomy, 자궁전절제술
1461,panic disorder, 공황장애
1462,pannus, 판누스
1463,Papanicolaou smear(test), 파파니콜로 도말검사
1464,papillary, 유두상
1465,papilldema," 시각신경유두부종, 유두부종"
1466,papule, 구진
1467,paracentesis, 천자술
1468,paraffinoma, 파라핀종
1469,paragonimiasis, 폐흡충증
1470,"paralysis, palsy", 마비
1471,paranasal sinuses, 부비동
1472,paranoia," 편집증, 파라노이아"
1473,paraplegia," 양측마비, 대마비"
1474,parasite," 기생충, 기생생물"
1475,parasitism," 기생생활, 기생(증)"
1476,parasitology, 기생충학
1477,parasympathetic nerves, 부교감신경
1478,parathormone, 부갑상샘호르몬
1479,parathyroid glands, 부갑상샘
1480,parenchyma, 실질
1481,parenteral administration of drugs, 비경구적 약품투여
1482,paresis, 불완전마비
1483,parity," 출산수, 임신분만력, 출산력"
1484,Parkinson disease, 파킨슨병
1485,parkinsonism, 파킨슨증
1486,paronychia," 손톱(발톱)주위염, 조갑주위염"
1487,parotid gland," 귀밑샘, 이하선"
1488,"parturition, labor"," 분만, 산통"
1489,pasteurization, 저온살균
1490,patch test, 첩포검사
1491,patella," 무릎뼈, 슬개골"
1492,patellar reflex, 무릎반사
1493,patent ductus arteriosus, 동맥관개존증
1494,pathogen, 병원체
1495,pathogenesis, 발병기전
1496,pathology, 병리학
1497,pediculosis, 이감염증
1498,pedigree, 가계(家系)
1499,pedigree," 혈통, 가계"
1500,pellagra, 펠라그라
1501,pelvic inflammatory disease, 골반염질환
1502,pelvimetry, 골반계측법
1503,pemphigus, 천포창
1504,penicillamine, 페니실라민
1505,penicillin, 페니실린
1506,"penis, phallus", 음경
1507,pepsin, 펩신
1508,peptic ulcer, 소화궤양
1509,peptide, 펩티드
1510,percussion, 타진
1511,percutaneous transluminal coronary angioplasty, 경피경혈관심장동맥확장술=PTCA
1512,pericardium, 심낭막
1513,perilymph, 외림프액
1514,perimetrium, 자궁외막
1515,perimetry, 시야측정(법)
1516,perineum," 회음, 샅"
1517,periodontal disease, 치주병
1518,peripheral nerve, 말초신경
1519,peristalsis, 꿈틀운동
1520,peritoneal dialysis, 복막투석
1521,peritoneum," 복막, 배막"
1522,peritonitis," 복막염, 배막염"
1523,permeability, 투과성
1524,pernicious anemia, 악성빈혈
1525,persistent vegetative state, 지속식물상태
1526,personality, 인격
1527,personality disorder," 인격장애, 성격장애"
1528,"perspiration, sweating, diaphoresis"," 땀남, 발한"
1529,petit mal seizure, 소발작 간질
1530,"pH, hydrogen ion concentration", 수소이온농도지수
1531,phacoemulsification, 수정체유화법
1532,phage, 파지
1533,pharmacist, 약사
1534,pharmacodynamics, 약역학
1535,pharmacokinetics," 약동학, 약물동태학"
1536,pharmacology, 약리학
1537,pharmacy, 약국
1538,pharynx, 인두
1539,phenobarbital, 페노바르비탈
1540,phenothiazine, 페노티아진
1541,phenotype, 표현형
1542,phenylketonuria(=PKU), 페닐케톤뇨증
1543,pheochromocytoma, 크롬친화세포종
1544,pheromone, 페로몬
1545,phimosis, 포경
1546,phobia, 공포증
1547,phosphorus, 인
1548,phosphorylation, 인산화
1549,photosensitization, 광선민감화
1550,phototherapy, 광선요법
1551,phylogeny, 계통발생
1552,physical examination," 진찰, 신체검사"
1553,physiology, 생리학
1554,physiotherapy, 물리치료
1555,phytobezoar," 식물위석, 식물위돌"
1556,piaarachnoid," 연질뇌척수막, 연수막"
1557,pigment, 색소
1558,pill, 알약
1559,pineal gland," 솔방울샘, 송과선"
1560,pink eye," 분홍색눈, 충혈안"
1561,pityriasis, 잔비늘증
1562,placebo," 속임약, 무효약"
1563,placenta, 태반
1564,placenta accreta, 유착태반
1565,placenta previa, 전치태반
1566,plague," 페스트, 흑사병"
1567,planes of body, 인체의 면
1568,plantar flexion, 발바닥쪽굽힘
1569,plasma, 혈장
1570,plasma membrane, 형질막
1571,plasmapheresis, 혈장분리반출술
1572,plasmid, 플라스미드
1573,plasmodium, 열원충
1574,platelet, 혈소판
1575,pleomorphism," 다형성, 다형태, 뭇형성"
1576,pleural effusion, 흉막삼출
1577,pleurisy," 흉막염, 늑막염"
1578,pneumococcus," 폐렴사슬알균, 폐렴연쇄구균"
1579,pneumoconiosis," 허파먼지증, 진폐증"
1580,pneumocystosis, 폐포자충증
1581,pneumonia, 폐렴
1582,pneumothorax, 공기가슴증
1583,pneumothorax," 기흉, 공기가슴증"
1584,poikilocytosis, 변형적혈구증가증
1585,poliomyelitis, 회색질척수염
1586,poliovirus, 폴리오바이러스
1587,pollution, 오염
1588,polymenorrhea, 빈발월경
1589,polyp, 폴립
1590,polysaccharide, 다당류
1591,polyuria, 다뇨증
1592,pons," 다리뇌, 교뇌"
1593,population, 모집단
1594,population," 인구, 모집단"
1595,porencephaly," 뇌구멍증, 공뇌증"
1596,porphyria, 포르피린증
1597,positron emission tomography, 양전자방출 단층촬영
1598,posterior, 뒷쪽의
1599,poststreptococcal glomerulonephritis," 사슬알균감염후토리콩팥염, 연쇄구균감염후사구체신염"
1600,potassium, 칼륨
1601,poxvirus," 마마바이러스, 폭스바이러스"
1602,praziquantel, 프라지콴텔
1603,precipitation, 침전
1604,precocity, 조숙
1605,prediabetes, 당뇨병전기
1606,prednisone, 프레드니손
1607,preeclampsia," 자간전증, 전자간증"
1608,pregnancy, 임신
1609,premature infant," 미숙아, 조산아"
1610,premature senility, 조로증
1611,presbycusis, 노인성 난청
1612,presbyopia, 노안
1613,prescription, 처방
1614,presentation of fetus(=lie of fetus), 태위
1615,preventive medicine, 예방의학
1616,priapism, 지속발기증
1617,prion, 프리온
1618,procaine, 프로카인
1619,procarbazine, 프로카바진
1620,prodrome, 전구증상
1621,progesterone," 프로게스테론, 황체호르몬"
1622,prognosis, 예후
1623,projection, 투사
1624,prolactin(=PRL), 프로락틴
1625,promonocyte, 풋단핵구세포
1626,propranolol, 프로프라놀롤
1627,proprioception, 고유감각
1628,prostaglandin(s)=PG(s), 푸로스타글란딘
1629,prostate gland, 전립샘
1630,prosthesis, 보철물
1631,prosthetic valve, 인공판막
1632,protein, 단백질
1633,proteinuria, 단백뇨
1634,prothrombin time, 프로트롬빈시간
1635,protocol, 연구계획서
1636,protoplasm, 원형질
1637,protozoa," 원생동물, 원충"
1638,proximal," 근위부의, 몸쪽"
1639,pseudocyesis, 거짓임신
1640,pseudomonas aeruginosa, 녹농균
1641,psittacosis, 앵무새병
1642,psoriasis, 건선
1643,psychiatric disorder(s), 정신질환
1644,psychiatric symptom(s), 정신증상
1645,psychiatry, 정신의학
1646,psychoanalysis, 정신분석
1647,psychodrama," 심리극, 정신극"
1648,psychologist, 심리학자
1649,psychology, 심리학
1650,psychosis, 정신병
1651,psychosomatic diseases, 정신신체질환
1652,psychotherapy, 정신치료
1653,ptosis," 눈꺼풀처짐증, 안검하수증"
1654,puberty, 사춘기
1655,public health, 공중보건
1656,puerperium, 산후기
1657,pulmonary circulation, 폐순환
1658,pulmonary function tests, 폐기능 검사
1659,pulpitis," 속질염, 수질염, 치수염"
1660,pulse," 맥박, 파"
1661,pulse pressure, 맥박압
1662,punch biopsy, 펀치 생검
1663,pupil, 동공
1664,"purgative, cathartics, laxatives", 설사제
1665,purine, 퓨린
1666,purpura, 자색반증
1667,pus," 고름, 농"
1668,pustule, 고름물집
1669,pustule," 농포, 고름물집"
1670,putrefaction, 부패
1671,pyelonephritis, 깔때기콩팥염
1672,pyknosis," 핵농축(증), 염색체농축"
1673,pyloric sphincter, 날문부 조임근
1674,pylorospasm, 날문부 경련
1675,pyorrhea," 고름흐름, 농루"
1676,pyramid," 모뿔, 피라밋"
1677,pyramid, 피라밋
1678,pyridoxine, 피리독신
1679,pyromania, 방화광
1680,pyuria," 고름뇨, 농뇨"
1681,quadriplegia, 사지마비
1682,quality control," 정도관리, 품질관리, 질관리"
1683,rabies, 광견병
1684,rachitis(=rickets), 구루병
1685,radiation, 방사선
1686,radiation dose, 방사선량
1687,radiation therapy, 방사선요법
1688,radiation therapy, 방사선치료
1689,radical mastectomy, 근치유방절제술
1690,radioactivity," 방사능, 방사성"
1691,radiography, 방사선촬영(술)
1692,radioimmunoassay(=RIA), 방사면역측정법
1693,radioisotope, 방사성동위원소
1694,radiology, 방사선과학
1695,radiolucency, 방사선투과성
1696,radiopacity, 방사선 불투과성
1697,radiopharmaceutical, 방사성의약품
1698,radiosensitivity, 방사선민감성
1699,radium, 라듐
1700,rale," 수포음, 거품소리"
1701,rapport, 라포
1702,rash, 발진
1703,rat, 쥐
1704,Raynaud disease, 레이노병
1705,Raynaud syndrome, 레이노증후군
1706,reabsorption, 재흡수
1707,reaction formation," 반동형성, 반응형성"
1708,rebound phenomenon," 반발현상, 반동현상"
1709,receptor, 수용체
1710,recessive, 열성
1711,"recognition, perception"," 인지, 인식, 재인식"
1712,recovery, 회복
1713,recovery room, 회복실
1714,rectal administration of drugs, 약물의 곧창자좌약식 투여
1715,rectocele," 곧창자탈출중, 직장탈"
1716,rectum," 곧창자, 직장"
1717,"recurrence, relapse", 재발
1718,red bone marrow, 적색골수
1719,referred pain, 연관통증
1720,regeneration, 재생
1721,regurgitation, 역류
1722,rehabilitation, 재활
1723,rehabilitation medicine, 재활의학
1724,rejection, 거부
1725,relapsing fever, 재귀열
1726,renal biopsy, 콩팥생검
1727,renal cell carcinoma, 콩팥세포암종
1728,renal hypertension, 콩팥성고혈압
1729,renal transplantation, 콩팥이식
1730,renogram," 콩팥동위원소조영상, 콩팥기능도"
1731,repair," 복구, 수복, 치유"
1732,replication, 복제
1733,repression, 억압
1734,Repression, 억제
1735,reproduction, 생식
1736,reproductive system, 생식기계통
1737,reserve cell, 예비세포
1738,residual urine, 잔뇨
1739,resistance," 내성, 저항성"
1740,resistance, 저항
1741,respiratory distress syndrome(RDS), 호흡곤란증후군
1742,resuscitation, 소생(술)
1743,retina, 망막
1744,retinal detachment, 망막 박리
1745,retinitis pigmentosa, 색소성망막염
1746,retinoblastoma, 망막모세포종
1747,retinoic acid, 레티노산
1748,revision, 교정술
1749,Rh erythroblastosis, 알에이취 적모구증
1750,rheumatic heart disease, 류마티스심장병
1751,rheumatism, 류마티스
1752,rheumatoid arthritis, 류마티스관절염
1753,rheumatoid factor, 류마티스 인자
1754,rib," 갈비뼈, 늑골"
1755,riboflavin, 리보플라빈
1756,ribonucleic acid, 리보핵산
1757,ribosome, 리보솜
1758,rigor mortis, 시체굳음
1759,ringworm, 버짐
1760,risk factor, 위험인자
1761,ritalin, 리탈린
1762,rodent," 설치류, 쥐류"
1763,Rorschach Test, 로르샤하 검사
1764,rotavirus, 로타바이러스
1765,"rubeola, measles", 홍역
1766,saccade," 홱보기, 신속운동"
1767,"sacral vertebrae, sacrum", 엉치뼈
1768,saddle nose, 안장코
1769,sadism, 가학성 음란증
1770,saline," 염류, 식염, 식염수"
1771,saliva," 침, 타액"
1772,salivary gland," 침샘, 타액선"
1773,salmonellosis, 살모넬라증
1774,"sanitation, hygiene", 위생
1775,sarcoidosis, 사코이드증
1776,sarcolemma, 횡문근형질막
1777,sarcoma, 육종
1778,saturated fat, 포화지방
1779,saturation," 포화, 포화도, 포화선량, 채도"
1780,scabies, 옴
1781,scan," 주사, 스캔"
1782,scarlet fever, 성홍열
1783,schistosomiasis, 주혈흡충증
1784,schizophrenia, 정신분열병
1785,sciatica, 엉덩뼈신경통
1786,scintigraphy," 신티그래피, 섬광조영술"
1787,Scintillation," 신틸레이션, 섬광"
1788,scleroderma, 공피증
1789,sclerosis," 경화(증), 굳음(증)"
1790,scoliosis," 척주옆굽음증, 척주측만증"
1791,scopolamine, 스코폴라민
1792,scotoma, 암점
1793,scratch test, 난절법
1794,screening," 검색, 선별"
1795,scrotum, 음낭
1796,scrub typhus, 쯔쯔가무시병
1797,scurvy, 괴혈병
1798,sebaceous gland, 피부기름샘
1799,seborrhea," 지루, 기름흐름"
1800,seborrheic dermatitis, 지루피부염
1801,sebum," 피부기름, 피지"
1802,secondary infection, 이차감염
1803,secretion," 분비, 분비물"
1804,Section, 단면
1805,sedative, 진정제
1806,sediment, 침전물
1807,segmented granulocyte, 분절 과립구
1808,semen, 정액
1809,semen analysis, 정액 검사
1810,semicircular canal, 반고리뼈관
1811,seminal vesicles, 정낭
1812,seminiferous tubules, 정세관
1813,seminoma," 고환종, 정상피종"
1814,senile dementia, 노인치매
1815,sense, 감각
1816,sense organ(s), 감각기관
1817,sensitization," 민감, 민감화"
1818,sensitizer, 민감제
1819,sensory nerve, 감각신경
1820,sepsis, 패혈증
1821,septal defects of heart, 심장의 중격 결손
1822,sequela, 후유증
1823,sequestrum, 부골
1824,serology, 혈청학
1825,serum, 혈청
1826,serum enzyme, 혈청효소
1827,serum proteins, 혈청단백
1828,severe acute respiratory syndrome(SARS), 사스
1829,severe acute respiratory syndrome(SARS), 중증급성호흡증후군
1830,sewage," 하수, 오물"
1831,sex, 성
1832,sex chromosome, 성염색체
1833,sex frigidity, 불감증
1834,sex identification, 성감별
1835,"sexual desire, sexuality", 성욕
1836,sexual precocity, 성조숙
1837,shigella, 시겔라
1838,shigellosis," 시겔라증, 이질"
1839,shock," 쇼크, 충격"
1840,shunt," 지름길, 지름술, 단락"
1841,side effects of drugs, 약물의 부작용
1842,sign, 징후
1843,signal transduction, 신호전달
1844,silicosis, 규폐증
1845,simian virus, 원숭이바이러스
1846,sinus," 굴, 동굴"
1847,sinusitis," 굴염, 동염"
1848,skeletal muscle, 골격근
1849,skeleton," 뼈대, 골격"
1850,skin, 피부
1851,skin dose, 피부선량
1852,skin tag," 쥐젖, 피부연성섬유종"
1853,skull," 머리뼈, 두개골"
1854,sleep," 잠, 수면"
1855,sludge, 찌꺼기
1856,small bowel series," 작은창자 조영술, 소장 조영술"
1857,small intestine," 작은창자, 소장"
1858,smear," 바른표본, 도말표본"
1859,smooth muscle," 민무늬근육, 평활근육"
1860,social phobia, 사회공포
1861,sodium, 나트륨
1862,soft palate," 물렁입천장, 연구개"
1863,solid tumor, 고형종양
1864,sonogram, 초음파도
1865,sparganosis," 스파르가눔증, 고충증"
1866,"spasticity, stiffness", 경직
1867,special sense, 특수감각
1868,specific gravity, 비중
1869,speech center, 언어중추
1870,speech therapy, 언어치료
1871,sperm, 정자
1872,spermatic cord, 정삭
1873,sphincter, 조임근
1874,spina bifida," 척추갈림증, 이분척추"
1875,spinal cord, 척수
1876,spinal nerve, 척수신경
1877,"spinal tap, spinal puncture"," 허리천자, 요추천자, 요추뚫기"
1878,spinous process, 가시돌기
1879,spirometer, 폐활량계
1880,spleen, 지라
1881,spontaneous abortion, 자연유산
1882,spontaneous pain, 자발통
1883,sports medicine, 스포츠의학
1884,sprain," 삠, 염좌"
1885,sputum, 가래
1886,squamous cell carcinoma, 편평세포암종
1887,squamous epithelium, 편평상피
1888,"squint, strabismus", 사시
1889,staging of tumors, 종양의 병기
1890,standard error, 표준오차
1891,standardization, 표준화
1892,staphylococcal food poisoning, 포도알균 식중독
1893,staphylococcus," 포도알균, 포도상구균"
1894,starvation, 기아
1895,status asthmaticus, 천식지속상태
1896,steatorrhea, 지방변
1897,stem cell," 줄기세포, 간세포"
1898,stent," 덧대, 부목"
1899,stereoscopy, 입체경검사법
1900,stereotaxic neurosurgery, 정위적 신경외과수술
1901,sterilization, 멸균
1902,sternum," 복장뼈, 흉골"
1903,steroid, 스테로이드
1904,stethoscope, 청진기
1905,stillbirth, 사산
1906,stomach, 위
1907,stomatitis," 구내염, 입안염"
1908,stool," 대변, 변"
1909,stool culture, 대변 배양
1910,stool guaiac test, 대변 구아이악 검사
1911,strain," 균주, 세포주, 주"
1912,strain," 긴장, 과도긴장"
1913,strangulation," 목조름, 교액, 꼬임, 질식"
1914,streptococcus," 사슬알균, 연쇄상구균"
1915,streptomycin, 스트렙토마이신
1916,stress," 스트레스, 부하"
1917,stress test, 스트레스 검사
1918,stress ulcer, 스트레스궤양
1919,striated muscle, 가로무늬근
1920,stricture, 협착
1921,stridor," 그렁거림, 협착음"
1922,stroke," 뇌졸중, 뇌중풍"
1923,stupor, 혼미
1924,stuttering, 말더듬
1925,"subcutaneous tissue, subcutis", 피하조직
1926,sublimation, 승화
1927,substantia nigra, 흑색질
1928,sudden infant death syndrome, 영아급사증후군
1929,suffocation, 질식
1930,suggestion, 암시
1931,suicide, 자살
1932,sulcus, 고랑
1933,sulfonamide, 설파제
1934,sunbathing, 일광욕
1935,sunstroke, 일사병
1936,superego, 초자아
1937,superinfection," 중복감염, 균교대감염"
1938,suppository, 좌약
1939,suppuration, 곪음
1940,suppuration, 화농
1941,sural nerve, 장딴지신경
1942,surface tension, 표면장력
1943,surgeon, 외과의사
1944,suture, 봉합
1945,"swallowing, deglutition"," 삼키기, 연하"
1946,sweat, 땀
1947,swelling," 부기, 종창"
1948,symbiosis, 공생
1949,symbolization, 상징화
1950,symmetry, 대칭
1951,sympathetic nervous system, 교감신경계
1952,sympathy," 동정, 공감"
1953,symptom, 증상
1954,symptomatic therapy, 대증요법
1955,synapse, 시냅스
1956,syncope, 실신
1957,syndactyly," 손발가락붙음증, 합지증"
1958,syndrome, 증후군
1959,synechia, 유착
1960,synovitis, 윤활막염
1961,syphilid, 매독진
1962,syphilis, 매독
1963,syringe, 주사기
1964,syringomyelia, 척수구멍증
1965,syrup of ipecac, 이페칵시럽
1966,system," 계, 계통"
1967,systemic circulation, 체순환
1968,systemic lupus erythematosus, 전신홍반루푸스
1969,systolic pressure, 수축기압
1970,T-lymphocyte, 티 림프구
1971,tabes dorsalis," 척수매독, 척수로"
1972,taboo, 금기
1973,tachycardia," 빈맥, 빠른맥"
1974,tachypnea, 빠른호흡
1975,Taenia," 촌충, 조충"
1976,talcosis, 활석증
1977,talipes, 휜발
1978,target tissue, 표적조직
1979,taste, 맛
1980,taste bud, 맛봉오리
1981,tattooing, 문신술
1982,teeth," 치아, 이빨"
1983,temporomandibular joint," 턱관절, 측두하악관절"
1984,tenesmus, 뒤무직
1985,teratogen," 기형유발물질, 기형원"
1986,teratology, 기형학
1987,teratoma, 기형종
1988,terminology, 용어
1989,test, 검사
1990,testicular feminization syndrome, 고환여성화증후군
1991,testis, 고환
1992,testosterone, 테스토스테론
1993,tetanus," 지속근강직, 강축"
1994,tetanus, 파상풍
1995,tetany," 강직, 강축, 테타니"
1996,tetracycline, 테트라사이클린
1997,thalamus, 시상
1998,thalassemia, 지중해빈혈
1999,therapy, 요법
2000,thermometer, 온도계
2001,thermoregulation, 체온조절
2002,thiamine, 티아민
2003,thigh," 넓적다리, 넙다리"
2004,thinking," 생각, 사고"
2005,thoracentesis," 흉강천자(술), 가슴천자(술)"
2006,thoracic surgery," 흉부외과, 흉부외과학"
2007,thoracotomy, 개흉술
2008,thorax, 가슴
2009,thought, 사고
2010,thrill, 떨림
2011,thrombin, 트롬빈
2012,thromboangiitis obliterans, 폐쇄혈전혈관염
2013,thromboembolism, 혈전색전증
2014,thrombus, 혈전
2015,thymus(gland), 가슴샘
2016,thyroid carcinoma, 갑상샘암종
2017,thyroid gland, 갑상샘
2018,thyroid hormone, 갑상샘호르몬
2019,thyrotoxicosis, 갑상샘중독증
2020,thyroxin, 티록신
2021,tibia," 정강뼈, 경골"
2022,tic, 틱
2023,tinea," 버짐, 백선"
2024,tingling, 저림
2025,tinnitus," 귀울림, 이명"
2026,tissue, 조직
2027,tissue biopsy, 조직생검
2028,TNM staging system, 종양병기분류계통
2029,tolerance," 내성, 견딤"
2030,tongue, 혀
2031,tonometer, 안압계
2032,tonsil, 편도
2033,tonsillectomy, 편도절제(술)
2034,tonsillitis, 편도염
2035,toothache, 치통
2036,toothbrushing, 이닦기
2037,"torticollis, wry neck"," 기운목, 사경"
2038,total lung capacity," 전폐용량, 온허파용량"
2039,toxemia of pregnancy, 임신중독증
2040,toxicity, 독성
2041,toxin, 독소
2042,toxoplasmosis, 톡소포자충증
2043,tracheostomy, 기관절개술
2044,tranquilizer, 신경안정제
2045,transference, 전이
2046,transfusion, 수혈
2047,transfusion reaction," 수혈부작용, 수혈반응"
2048,transient ischemic attack(TIA), 일과성허혈발작
2049,transplantation, 이식(술)
2050,transurethral resection(TUR)," 경요도절제술, 요도경유절제술"
2051,transvestism," 의상도착증, 이성복장도착증"
2052,trauma, 외상
2053,treadmill, 답차
2054,"trematode, fluke", 흡충
2055,trephination, 원형절제(술)
2056,Treponema pallidum, 매독균
2057,Trichinella spiralis, 선모충
2058,trichinosis, 선모충증
2059,trichobezoar," 털위석, 위창자털덩이"
2060,trichomoniasis, 트리코모나스증
2061,trichuriasis, 편충증
2062,tricuspid valve," 오른방실판막, 삼첨판막"
2063,triglyceride, 트리글리세리드
2064,trismus, 입벌림장애
2065,trisomy, 세염색체증
2066,tubal ligation," 자궁관결찰술, 난관결찰술"
2067,tubal pregnancy, 자궁관임신
2068,tuberculin test, 튜베르쿨린검사
2069,tuberculosis, 결핵
2070,tumor, 종양
2071,twins, 쌍생아
2072,typhus fever, 발진티푸스
2073,ulcer, 궤양
2074,ulcerating tumor, 궤양성 종양
2075,ulcerative colitis, 궤양대장염
2076,ultracentrifuge, 초원심분리기
2077,ultrafiltration," 초미세여과법, 한외거르기"
2078,ultramicroscope, 초미세현미경
2079,"ultrasonic, ultrasound", 초음파
2080,ultrasonography, 초음파검사법
2081,ultrastructure, 미세구조
2082,ultraviolet, 자외선
2083,ultraviolet B, 중간파장자외선
2084,ultraviolet C, 짧은파장자외선
2085,umbilical cord," 탯줄, 제대"
2086,unconsciousness, 무의식
2087,underdevelopment," 발육불량, 발육부전"
2088,United States Pharmacopeia(U.S.P.), 미국약전
2089,upper GI series, 상부위장관조영술
2090,upper limb," 팔, 상지"
2091,urachus, 요막관
2092,uremia, 요독증
2093,ureter, 요관
2094,urethra, 요도
2095,uric acid, 요산
2096,urinalysis, 요검사
2097,urinary bladder, 방광
2098,urinary incontinence, 요실금
2099,urinary system, 비뇨기계통
2100,urinary tract, 요로
2101,"urination, micturition"," 배뇨, 소변보기"
2102,urine, 오줌
2103,urography, 요로조영술
2104,urokinase, 우로키나아제
2105,urolithiasis," 요석증, 요로돌증"
2106,uterine myoma, 자궁근종
2107,uterine tube," 난관, 자궁관"
2108,"uterine tube, salpinx", 자궁관
2109,uterus, 자궁
2110,uvea, 포도막
2111,uveitis, 포도막염
2112,uvula, 목젖
2113,vaccination, 예방접종
2114,vaccine, 백신
2115,vaccinia, 우두
2116,vagina, 질
2117,vaginismus, 질경련
2118,vaginoplasty, 질성형술
2119,vagus nerve, 미주신경
2120,valgus," 외반-, 바깥굽은-"
2121,valium, 발륨
2122,Valsalva maneuver, 발살바조작
2123,valve, 판막
2124,variant," 변형, 변이"
2125,varicocele, 정계정맥류
2126,varicose vein, 정맥류성정맥
2127,variola," 마마, 두창"
2128,Varix, 정맥류
2129,vas deferens, 정관
2130,vasculitis," 혈관염, 맥관염"
2131,Vasectomy, 정관절단술
2132,vasoconstrictor, 혈관수축신경
2133,vasodilator, 혈관확장신경
2134,vasodilator, 혈관확장제
2135,vasopressin, 바소프레신
2136,VDRL(venereal disease research laboratory), 성병 연구실험실
2137,vector," 매개체, 벡터"
2138,vegetative state, 식물상태
2139,vein, 정맥
2140,vellus hair, 솜털
2141,vena cava, 대정맥
2142,"venereal disease, sexually transmitted diseases", 성병
2143,ventricle," 실, 방(공간)"
2144,venule, 세정맥
2145,vermiform appendix," 막창자꼬리, 충수"
2146,vertebrae," 척추뼈, (척)추골"
2147,vesicle," 수포, 잔물집"
2148,vestibule," 안뜰, 어귀, 전정"
2149,vestige, 흔적
2150,vibrio cholerae, 콜레라균
2151,Vibrio parahaemolyticus, 장염비브리오균
2152,villus, 융모
2153,vincristine, 빈크리스틴
2154,vinyl chloride, 염화비닐
2155,virilism, 남성화
2156,virion," 비리온, 바이러스입자"
2157,virulence," 독력, 발병력, 균력"
2158,virus, 바이러스
2159,viscera, 내장
2160,visual acuity, 시력
2161,visual field test, 시야검사
2162,vital sign, 활력징후
2163,vitamin, 비타민
2164,vitiligo, 백반증
2165,vitreous, 유리체
2166,vocal cord, 성대
2167,voiding, 배뇨
2168,voluntary muscle, 수의근
2169,volvulus," 창자꼬임, 염전"
2170,voyeurism," 절시증, 도시증, 관음증"
2171,vulva," 외음, 음문"
2172,"wart, verruca", 사마귀
2173,weaning, 젖뗌
2174,wheezing, 쌕쌕거림
2175,"white blood cell(WBC), leukocyte", 백혈구
2176,white matter, 백색질
2177,"whitlow, parongima, felon"," 생인손, 손발톱주위염"
2178,WHO, 세계보건기구
2179,whole blood," 전혈, 온혈액"
2180,"whooping cough, pertussis", 백일해
2181,Wilms' tumor, 윌름즈종양
2182,Wilson's disease, 윌슨병
2183,wisdom Tooth," 지치, 사랑니"
2184,withdrawal syndrome, 금단증후근
2185,wound infection, 상처감염
2186,wrist, 손목
2187,Wuchereria bancrofti, 반크로프트사상충
2188,wuchereriasis, 반크로프트사상충증
2189,xanthelasma, 황색판종
2190,xanthoma, 황색종
2191,xanthopsia, 황색시(증)
2192,xenophobia," 타인공포증, 외인공포증"
2193,xerophthalmia, 눈마름증
2194,xerostomia," 입안마름증, 입안건조증, 구강건조증"
2195,yersiniosis, 예르시니아증
2196,zoonosis," 인수공통감염증, 인수전염병"
2197,zoophobia, 동물공포증
2198,zygomatic bone, 광대뼈
2199,zygote, 접합체
2200,zymolysis, 발효
